epoch,train_loss,rec_loss,kl_loss,adv_loss,val_loss,val_rec_loss,val_kl_loss,val_adv_loss
1,313.45941734313965,0.08458182774484158,312.7295937538147,0.6452398896217346,569.5271606445312,0.08459097892045975,568.4639282226562,0.9786554574966431
2,542.4634058475494,0.084504010155797,541.5196671485901,0.8592269122600555,13.545416831970215,0.08447282016277313,12.856045722961426,0.6048980355262756
3,76.97032308578491,0.08439940772950649,76.32099103927612,0.5649331659078598,157.7734375,0.08436718583106995,157.08657836914062,0.6024873852729797
4,156.552255153656,0.08425920456647873,155.78661251068115,0.6813846975564957,22.116458892822266,0.08427150547504425,21.24573516845703,0.7864530682563782
